Metric,Value
Training Accuracy,0.989010989010989
Test Accuracy,0.9736842105263158
Training AUC-ROC,0.9976057791537667
Test AUC-ROC,0.996031746031746
